Month,Year,Aod,Region,Longitude,Latitude
Jan,2014,0.772857143,Gajuwaka,83.2186,17.6822
Jan,2014,0.698894737,MVP Colony,83.316,17.7482
Jan,2014,0.71175,NAD Junction,83.215,17.7338
Jan,2014,0.745875,Dwaraka Nagar,83.3124,17.7135
Jan,2014,0.824380952,Bheemili,83.4475,17.8935
Feb,2014,0.776580645,Gajuwaka,83.2186,17.6822
Feb,2014,0.760103448,MVP Colony,83.316,17.7482
Feb,2014,0.709416667,NAD Junction,83.215,17.7338
Feb,2014,0.720333333,Dwaraka Nagar,83.3124,17.7135
Feb,2014,0.709181818,Bheemili,83.4475,17.8935
Mar,2014,0.96534375,Gajuwaka,83.2186,17.6822
Mar,2014,0.934714286,MVP Colony,83.316,17.7482
Mar,2014,0.91825,NAD Junction,83.215,17.7338
Mar,2014,0.872125,Dwaraka Nagar,83.3124,17.7135
Mar,2014,0.688428571,Bheemili,83.4475,17.8935
Apr,2014,1.075228571,Gajuwaka,83.2186,17.6822
Apr,2014,1.03662069,MVP Colony,83.316,17.7482
Apr,2014,1.127,NAD Junction,83.215,17.7338
Apr,2014,1.031333333,Dwaraka Nagar,83.3124,17.7135
Apr,2014,1.207111111,Bheemili,83.4475,17.8935
May,2014,0.866684211,Gajuwaka,83.2186,17.6822
May,2014,0.956833333,MVP Colony,83.316,17.7482
May,2014,0.849230769,NAD Junction,83.215,17.7338
May,2014,0.378666667,Dwaraka Nagar,83.3124,17.7135
May,2014,0.519666667,Bheemili,83.4475,17.8935
Jun,2014,1.207714286,Gajuwaka,83.2186,17.6822
Jun,2014,1.365666667,MVP Colony,83.316,17.7482
Jun,2014,1.031333333,NAD Junction,83.215,17.7338
Jun,2014,1.04356,Dwaraka Nagar,83.3124,17.7135
Jun,2014,0.859,Gajuwaka,83.4475,17.8935
Jul,2014,0.78,MVP Colony,83.2186,17.6822
Jul,2014,0.708,NAD Junction,83.316,17.7482
Jul,2014,0.701,Dwaraka Nagar,83.215,17.7338
Jul,2014,0.5845,Bheemili,83.3124,17.7135
Jul,2014,0.5822,Gajuwaka,83.4475,17.8935
Aug,2014,0.5,MVP Colony,83.2186,17.6822
Aug,2014,0.782333333,NAD Junction,83.316,17.7482
Aug,2014,0.801,Dwaraka Nagar,83.215,17.7338
Aug,2014,1.465,Bheemili,83.3124,17.7135
Aug,2014,1.011,Gajuwaka,83.4475,17.8935
Sep,2014,0.818428571,MVP Colony,83.2186,17.6822
Sep,2014,0.982,NAD Junction,83.316,17.7482
Sep,2014,0.485,Dwaraka Nagar,83.215,17.7338
Sep,2014,0.597,Bheemili,83.3124,17.7135
Sep,2014,0.88675,Gajuwaka,83.4475,17.8935
Oct,2014,0.831142857,MVP Colony,83.2186,17.6822
Oct,2014,0.7614375,NAD Junction,83.316,17.7482
Oct,2014,0.728230769,Dwaraka Nagar,83.215,17.7338
Oct,2014,0.3956,Bheemili,83.3124,17.7135
Oct,2014,0.530272727,Gajuwaka,83.4475,17.8935
Nov,2014,0.705086957,MVP Colony,83.2186,17.6822
Nov,2014,0.667545455,NAD Junction,83.316,17.7482
Nov,2014,0.669166667,Dwaraka Nagar,83.215,17.7338
Nov,2014,0.587944444,Bheemili,83.3124,17.7135
Nov,2014,0.6033,Gajuwaka,83.4475,17.8935
Dec,2014,0.667342857,MVP Colony,83.2186,17.6822
Dec,2014,0.639147059,NAD Junction,83.316,17.7482
Dec,2014,0.583857143,Dwaraka Nagar,83.215,17.7338
Dec,2014,0.590521739,Bheemili,83.3124,17.7135
Dec,2014,0.5726,Gajuwaka,83.4475,17.8935
Jan,2015,0.625371429,MVP Colony,83.2186,17.6822
Jan,2015,0.631424242,NAD Junction,83.316,17.7482
Jan,2015,0.548,Dwaraka Nagar,83.215,17.7338
Jan,2015,0.533333333,Bheemili,83.3124,17.7135
Jan,2015,0.5685,Gajuwaka,83.4475,17.8935
Feb,2015,0.94188,MVP Colony,83.2186,17.6822
Feb,2015,0.747058824,NAD Junction,83.316,17.7482
Feb,2015,0.895478261,Dwaraka Nagar,83.215,17.7338
Feb,2015,0.630727273,Bheemili,83.3124,17.7135
Feb,2015,0.788,Gajuwaka,83.4475,17.8935
Mar,2015,0.80864,MVP Colony,83.2186,17.6822
Mar,2015,0.791714286,NAD Junction,83.316,17.7482
Mar,2015,0.747052632,Dwaraka Nagar,83.215,17.7338
Mar,2015,0.473166667,Bheemili,83.3124,17.7135
Mar,2015,0.529,Gajuwaka,83.4475,17.8935
Apr,2015,0.96448,MVP Colony,83.2186,17.6822
Apr,2015,0.953235294,NAD Junction,83.316,17.7482
Apr,2015,0.848578947,Dwaraka Nagar,83.215,17.7338
Apr,2015,0.5785,Bheemili,83.3124,17.7135
Apr,2015,1.08925,Gajuwaka,83.4475,17.8935
May,2015,0.983,MVP Colony,83.2186,17.6822
May,2015,0.90725,NAD Junction,83.316,17.7482
May,2015,1.075428571,Dwaraka Nagar,83.215,17.7338
May,2015,0.938666667,Bheemili,83.3124,17.7135
May,2015,1.0045,Gajuwaka,83.4475,17.8935
Jun,2015,0.503,MVP Colony,83.2186,17.6822
Jun,2015,0.56,NAD Junction,83.316,17.7482
Jun,2015,1.104625,Dwaraka Nagar,83.215,17.7338
Jun,2015,0.933384615,Bheemili,83.3124,17.7135
Jun,2015,1.0395,Gajuwaka,83.4475,17.8935
Jul,2015,0.54375,MVP Colony,83.2186,17.6822
Jul,2015,0.6954,NAD Junction,83.316,17.7482
Jul,2015,0.633235294,Dwaraka Nagar,83.215,17.7338
Jul,2015,0.6055,Bheemili,83.3124,17.7135
Jul,2015,0.595066667,Gajuwaka,83.4475,17.8935
Aug,2015,0.5515625,MVP Colony,83.2186,17.6822
Aug,2015,0.521615385,NAD Junction,83.316,17.7482
Aug,2015,0.646631579,Dwaraka Nagar,83.215,17.7338
Aug,2015,0.6087,Bheemili,83.3124,17.7135
Aug,2015,0.58025,Gajuwaka,83.4475,17.8935
Sep,2015,0.495,MVP Colony,83.2186,17.6822
Sep,2015,0.545071429,NAD Junction,83.316,17.7482
Sep,2015,0.86752381,Dwaraka Nagar,83.215,17.7338
Sep,2015,0.868333333,Bheemili,83.3124,17.7135
Sep,2015,0.839789474,Gajuwaka,83.4475,17.8935
Oct,2015,0.9858,MVP Colony,83.2186,17.6822
Oct,2015,0.8098,NAD Junction,83.316,17.7482
Oct,2015,0.816142857,Dwaraka Nagar,83.215,17.7338
Oct,2015,0.8185625,Bheemili,83.3124,17.7135
Oct,2015,0.802882353,Gajuwaka,83.4475,17.8935
Nov,2015,0.706222222,MVP Colony,83.2186,17.6822
Nov,2015,0.690454545,NAD Junction,83.316,17.7482
Nov,2015,0.972,Dwaraka Nagar,83.215,17.7338
Nov,2015,0.909826087,Bheemili,83.3124,17.7135
Nov,2015,0.948238095,Gajuwaka,83.4475,17.8935
Dec,2015,0.772888889,MVP Colony,83.2186,17.6822
Dec,2015,1.0847,NAD Junction,83.316,17.7482
Dec,2015,0.904088889,Dwaraka Nagar,83.215,17.7338
Dec,2015,0.858545455,Bheemili,83.3124,17.7135
Dec,2015,0.871852941,Gajuwaka,83.4475,17.8935
Jan,2016,0.721125,MVP Colony,83.2186,17.6822
Jan,2016,0.8236,NAD Junction,83.316,17.7482
Jan,2016,0.739142857,Dwaraka Nagar,83.215,17.7338
Jan,2016,0.660777778,Bheemili,83.3124,17.7135
Jan,2016,0.669384615,Gajuwaka,83.4475,17.8935
Feb,2016,0.5435,MVP Colony,83.2186,17.6822
Feb,2016,0.7005,NAD Junction,83.316,17.7482
Feb,2016,0.817,Dwaraka Nagar,83.215,17.7338
Feb,2016,0.99,Bheemili,83.3124,17.7135
Feb,2016,0.775,Gajuwaka,83.4475,17.8935
Mar,2016,0.473,MVP Colony,83.2186,17.6822
Mar,2016,0.97,NAD Junction,83.316,17.7482
Mar,2016,0.8174,Dwaraka Nagar,83.215,17.7338
Mar,2016,0.399,Bheemili,83.3124,17.7135
Mar,2016,0.7392,Gajuwaka,83.4475,17.8935
Apr,2016,0.509,MVP Colony,83.2186,17.6822
Apr,2016,0.576333333,NAD Junction,83.316,17.7482
Apr,2016,0.865,Dwaraka Nagar,83.215,17.7338
Apr,2016,0.472,Bheemili,83.3124,17.7135
Apr,2016,0.6681875,Gajuwaka,83.4475,17.8935
May,2016,0.646470588,MVP Colony,83.2186,17.6822
May,2016,0.605928571,NAD Junction,83.316,17.7482
May,2016,0.5645,Dwaraka Nagar,83.215,17.7338
May,2016,0.605727273,Bheemili,83.3124,17.7135
May,2016,0.740527778,Gajuwaka,83.4475,17.8935
Jun,2016,0.6686,MVP Colony,83.2186,17.6822
Jun,2016,0.683878788,NAD Junction,83.316,17.7482
Jun,2016,0.6565,Dwaraka Nagar,83.215,17.7338
Jun,2016,0.620190476,Bheemili,83.3124,17.7135
Jun,2016,0.68465625,Gajuwaka,83.4475,17.8935
Jul,2016,0.667852941,MVP Colony,83.2186,17.6822
Jul,2016,0.624259259,NAD Junction,83.316,17.7482
Jul,2016,0.694916667,Dwaraka Nagar,83.215,17.7338
Jul,2016,0.70159375,Bheemili,83.3124,17.7135
Jul,2016,0.709,Gajuwaka,83.4475,17.8935
Aug,2016,0.706972222,MVP Colony,83.2186,17.6822
Aug,2016,0.75034375,NAD Junction,83.316,17.7482
Aug,2016,0.703625,Dwaraka Nagar,83.215,17.7338
Aug,2016,0.72225,Bheemili,83.3124,17.7135
Aug,2016,0.819678571,Gajuwaka,83.4475,17.8935
Sep,2016,0.82348,MVP Colony,83.2186,17.6822
Sep,2016,0.859148148,NAD Junction,83.316,17.7482
Sep,2016,0.864583333,Dwaraka Nagar,83.215,17.7338
Sep,2016,0.871863636,Bheemili,83.3124,17.7135
Sep,2016,0.795521739,Gajuwaka,83.4475,17.8935
Oct,2016,0.792681818,MVP Colony,83.2186,17.6822
Oct,2016,0.79575,NAD Junction,83.316,17.7482
Oct,2016,0.72,Dwaraka Nagar,83.215,17.7338
Oct,2016,0.700333333,Bheemili,83.3124,17.7135
Oct,2016,1.132742857,Gajuwaka,83.4475,17.8935
Nov,2016,1.1184,MVP Colony,83.2186,17.6822
Nov,2016,1.143689655,NAD Junction,83.316,17.7482
Nov,2016,0.974625,Dwaraka Nagar,83.215,17.7338
Nov,2016,1.076875,Bheemili,83.3124,17.7135
Nov,2016,1.042923077,Gajuwaka,83.4475,17.8935
Dec,2016,0.968615385,MVP Colony,83.2186,17.6822
Dec,2016,1.037066667,NAD Junction,83.316,17.7482
Dec,2016,0.543,Dwaraka Nagar,83.215,17.7338
Dec,2016,1.0375,Bheemili,83.3124,17.7135
Dec,2016,0.852,Gajuwaka,83.4475,17.8935
Jan,2017,0.662,MVP Colony,83.2186,17.6822
Jan,2017,0.8264,NAD Junction,83.316,17.7482
Jan,2017,0.795,Dwaraka Nagar,83.215,17.7338
Jan,2017,0.5585,Bheemili,83.3124,17.7135
Jan,2017,0.444,Gajuwaka,83.4475,17.8935
Feb,2017,1.211,MVP Colony,83.2186,17.6822
Feb,2017,0.549,NAD Junction,83.316,17.7482
Feb,2017,0.452666667,Dwaraka Nagar,83.215,17.7338
Feb,2017,0.800923077,Bheemili,83.3124,17.7135
Feb,2017,0.773666667,Gajuwaka,83.4475,17.8935
Mar,2017,0.811384615,MVP Colony,83.2186,17.6822
Mar,2017,0.495666667,NAD Junction,83.316,17.7482
Mar,2017,0.489,Dwaraka Nagar,83.215,17.7338
Mar,2017,0.682,Bheemili,83.3124,17.7135
Mar,2017,0.590041667,Gajuwaka,83.4475,17.8935
Apr,2017,0.68755,MVP Colony,83.2186,17.6822
Apr,2017,0.583,NAD Junction,83.316,17.7482
Apr,2017,0.633227273,Dwaraka Nagar,83.215,17.7338
Apr,2017,0.746882353,Bheemili,83.3124,17.7135
Apr,2017,0.6675,Gajuwaka,83.4475,17.8935
May,2017,0.767212121,MVP Colony,83.2186,17.6822
May,2017,0.683041667,NAD Junction,83.316,17.7482
May,2017,0.698666667,Dwaraka Nagar,83.215,17.7338
May,2017,0.9671875,Bheemili,83.3124,17.7135
May,2017,0.868903226,Gajuwaka,83.4475,17.8935
Jun,2017,0.971827586,MVP Colony,83.2186,17.6822
Jun,2017,0.92628,NAD Junction,83.316,17.7482
Jun,2017,0.842518519,Dwaraka Nagar,83.215,17.7338
Jun,2017,0.662424242,Bheemili,83.3124,17.7135
Jun,2017,0.629193548,Gajuwaka,83.4475,17.8935
Jul,2017,0.652444444,MVP Colony,83.2186,17.6822
Jul,2017,0.59326087,NAD Junction,83.316,17.7482
Jul,2017,0.58985,Dwaraka Nagar,83.215,17.7338
Jul,2017,1.198317073,Bheemili,83.3124,17.7135
Jul,2017,1.170575,Gajuwaka,83.4475,17.8935
Aug,2017,1.225131579,MVP Colony,83.2186,17.6822
Aug,2017,0.924666667,NAD Junction,83.316,17.7482
Aug,2017,1.0395625,Dwaraka Nagar,83.215,17.7338
Aug,2017,0.968966667,Bheemili,83.3124,17.7135
Aug,2017,0.84575,Gajuwaka,83.4475,17.8935
Sep,2017,0.877684211,MVP Colony,83.2186,17.6822
Sep,2017,0.828,NAD Junction,83.316,17.7482
Sep,2017,1.030055556,Dwaraka Nagar,83.215,17.7338
Sep,2017,0.991363636,Bheemili,83.3124,17.7135
Sep,2017,0.923416667,Gajuwaka,83.4475,17.8935
Oct,2017,0.872375,MVP Colony,83.2186,17.6822
Oct,2017,0.9775,NAD Junction,83.316,17.7482
Oct,2017,0.99775,Dwaraka Nagar,83.215,17.7338
Oct,2017,0.5255,Bheemili,83.3124,17.7135
Oct,2017,0.324,Gajuwaka,83.4475,17.8935
Nov,2017,1.068,MVP Colony,83.2186,17.6822
Nov,2017,0.776,NAD Junction,83.316,17.7482
Nov,2017,0.517,Dwaraka Nagar,83.215,17.7338
Nov,2017,0.732666667,Bheemili,83.3124,17.7135
Nov,2017,1.192,Gajuwaka,83.4475,17.8935
Dec,2017,0.916666667,MVP Colony,83.2186,17.6822
Dec,2017,0.5335,NAD Junction,83.316,17.7482
Dec,2017,0.942375,Dwaraka Nagar,83.215,17.7338
Dec,2017,0.930272727,Bheemili,83.3124,17.7135
Dec,2017,1.077944444,Gajuwaka,83.4475,17.8935
Jan,2018,0.5185,MVP Colony,83.2186,17.6822
Jan,2018,0.79775,NAD Junction,83.316,17.7482
Jan,2018,0.723291667,Dwaraka Nagar,83.215,17.7338
Jan,2018,0.622277778,Bheemili,83.3124,17.7135
Jan,2018,0.619076923,Gajuwaka,83.4475,17.8935
Feb,2018,0.428875,MVP Colony,83.2186,17.6822
Feb,2018,0.598173913,NAD Junction,83.316,17.7482
Feb,2018,1.02825,Dwaraka Nagar,83.215,17.7338
Feb,2018,1.05404,Bheemili,83.3124,17.7135
Feb,2018,1.020444444,Gajuwaka,83.4475,17.8935
Mar,2018,0.484666667,MVP Colony,83.2186,17.6822
Mar,2018,1.047833333,NAD Junction,83.316,17.7482
Mar,2018,1.031166667,Dwaraka Nagar,83.215,17.7338
Mar,2018,0.960204545,Bheemili,83.3124,17.7135
Mar,2018,1.054090909,Gajuwaka,83.4475,17.8935
Apr,2018,0.7944,MVP Colony,83.2186,17.6822
Apr,2018,0.972655172,NAD Junction,83.316,17.7482
Apr,2018,0.741827586,Dwaraka Nagar,83.215,17.7338
Apr,2018,0.727653846,Bheemili,83.3124,17.7135
Apr,2018,0.7301,Gajuwaka,83.4475,17.8935
May,2018,0.519,MVP Colony,83.2186,17.6822
May,2018,0.710833333,NAD Junction,83.316,17.7482
May,2018,0.885852941,Dwaraka Nagar,83.215,17.7338
May,2018,0.918148148,Bheemili,83.3124,17.7135
May,2018,0.899689655,Gajuwaka,83.4475,17.8935
Jun,2018,0.568,MVP Colony,83.2186,17.6822
Jun,2018,0.882615385,NAD Junction,83.316,17.7482
Jun,2018,0.900513514,Dwaraka Nagar,83.215,17.7338
Jun,2018,0.831310345,Bheemili,83.3124,17.7135
Jun,2018,0.835586207,Gajuwaka,83.4475,17.8935
Jul,2018,0.5525,MVP Colony,83.2186,17.6822
Jul,2018,0.8165,NAD Junction,83.316,17.7482
Jul,2018,1.179588235,Dwaraka Nagar,83.215,17.7338
Jul,2018,1.100818182,Bheemili,83.3124,17.7135
Jul,2018,1.125136364,Gajuwaka,83.4475,17.8935
Aug,2018,1.2112,MVP Colony,83.2186,17.6822
Aug,2018,1.061428571,NAD Junction,83.316,17.7482
Aug,2018,0.508,Dwaraka Nagar,83.215,17.7338
Aug,2018,1.288666667,Bheemili,83.3124,17.7135
Aug,2018,0.809,Gajuwaka,83.4475,17.8935
Sep,2018,0.6295,MVP Colony,83.2186,17.6822
Sep,2018,0.5025,NAD Junction,83.316,17.7482
Sep,2018,0.535,Dwaraka Nagar,83.215,17.7338
Sep,2018,0.3955,Bheemili,83.3124,17.7135
Sep,2018,0.7735,Gajuwaka,83.4475,17.8935
Oct,2018,0.782,MVP Colony,83.2186,17.6822
Oct,2018,0.704,NAD Junction,83.316,17.7482
Oct,2018,0.797,Dwaraka Nagar,83.215,17.7338
Oct,2018,0.592,Bheemili,83.3124,17.7135
Oct,2018,0.386,Gajuwaka,83.4475,17.8935
Nov,2018,0.548,MVP Colony,83.2186,17.6822
Nov,2018,0.7135,NAD Junction,83.316,17.7482
Nov,2018,0.648666667,Dwaraka Nagar,83.215,17.7338
Nov,2018,0.5638,Bheemili,83.3124,17.7135
Nov,2018,0.736,Gajuwaka,83.4475,17.8935
Dec,2018,0.373,MVP Colony,83.2186,17.6822
Dec,2018,0.592,NAD Junction,83.316,17.7482
Dec,2018,0.78525,Dwaraka Nagar,83.215,17.7338
Dec,2018,0.828458333,Bheemili,83.3124,17.7135
Dec,2018,0.783933333,Gajuwaka,83.4475,17.8935
Jan,2019,0.457666667,MVP Colony,83.2186,17.6822
Jan,2019,0.843478261,NAD Junction,83.316,17.7482
Jan,2019,0.93275,Dwaraka Nagar,83.215,17.7338
Jan,2019,0.776625,Bheemili,83.3124,17.7135
Jan,2019,0.820461538,Gajuwaka,83.4475,17.8935
Feb,2019,0.469,MVP Colony,83.2186,17.6822
Feb,2019,0.7799,NAD Junction,83.316,17.7482
Feb,2019,1.109809524,Dwaraka Nagar,83.215,17.7338
Feb,2019,0.91885,Bheemili,83.3124,17.7135
Feb,2019,1.079785714,Gajuwaka,83.4475,17.8935
Mar,2019,0.5245,MVP Colony,83.2186,17.6822
Mar,2019,0.743555556,NAD Junction,83.316,17.7482
Mar,2019,0.791684211,Dwaraka Nagar,83.215,17.7338
Mar,2019,0.82475,Bheemili,83.3124,17.7135
Mar,2019,0.687333333,Gajuwaka,83.4475,17.8935
Apr,2019,0.732,MVP Colony,83.2186,17.6822
Apr,2019,0.6452,NAD Junction,83.316,17.7482
Apr,2019,0.928428571,Dwaraka Nagar,83.215,17.7338
Apr,2019,0.913588235,Bheemili,83.3124,17.7135
Apr,2019,1.02775,Gajuwaka,83.4475,17.8935
May,2019,0.5176,MVP Colony,83.2186,17.6822
May,2019,0.8582,NAD Junction,83.316,17.7482
May,2019,0.83330303,Dwaraka Nagar,83.215,17.7338
May,2019,0.877913043,Bheemili,83.3124,17.7135
May,2019,0.886307692,Gajuwaka,83.4475,17.8935
Jun,2019,0.44425,MVP Colony,83.2186,17.6822
Jun,2019,0.7898,NAD Junction,83.316,17.7482
Jun,2019,0.826866667,Dwaraka Nagar,83.215,17.7338
Jun,2019,0.714285714,Bheemili,83.3124,17.7135
Jun,2019,0.848714286,Gajuwaka,83.4475,17.8935
Jul,2019,0.4825,MVP Colony,83.2186,17.6822
Jul,2019,0.5232,NAD Junction,83.316,17.7482
Jul,2019,0.521,Dwaraka Nagar,83.215,17.7338
Jul,2019,0.547,Bheemili,83.3124,17.7135
Jul,2019,0.609,Gajuwaka,83.4475,17.8935
Aug,2019,0.44,MVP Colony,83.2186,17.6822
Aug,2019,0.493,NAD Junction,83.316,17.7482
Aug,2019,0.46225,Dwaraka Nagar,83.215,17.7338
Aug,2019,0.449,Bheemili,83.3124,17.7135
Aug,2019,0.543,Gajuwaka,83.4475,17.8935
Sep,2019,0.57,MVP Colony,83.2186,17.6822
Sep,2019,0.489,NAD Junction,83.316,17.7482
Sep,2019,0.552666667,Dwaraka Nagar,83.215,17.7338
Sep,2019,0.383,Bheemili,83.3124,17.7135
Sep,2019,0.800666667,Gajuwaka,83.4475,17.8935
Oct,2019,0.631333333,MVP Colony,83.2186,17.6822
Oct,2019,0.793666667,NAD Junction,83.316,17.7482
Oct,2019,0.8155,Dwaraka Nagar,83.215,17.7338
Oct,2019,0.912571429,Bheemili,83.3124,17.7135
Oct,2019,0.522333333,Gajuwaka,83.4475,17.8935
Nov,2019,0.832125,MVP Colony,83.2186,17.6822
Nov,2019,0.687615385,NAD Junction,83.316,17.7482
Nov,2019,0.624173913,Dwaraka Nagar,83.215,17.7338
Nov,2019,0.646625,Bheemili,83.3124,17.7135
Nov,2019,0.546363636,Gajuwaka,83.4475,17.8935
Dec,2019,0.597384615,MVP Colony,83.2186,17.6822
Dec,2019,0.857435897,NAD Junction,83.316,17.7482
Dec,2019,0.835431818,Dwaraka Nagar,83.215,17.7338
Dec,2019,0.864526316,Bheemili,83.3124,17.7135
Dec,2019,0.7538,Gajuwaka,83.4475,17.8935
Jan,2020,0.857344828,MVP Colony,83.2186,17.6822
Jan,2020,0.966307692,NAD Junction,83.316,17.7482
Jan,2020,0.96452,Dwaraka Nagar,83.215,17.7338
Jan,2020,0.908913043,Bheemili,83.3124,17.7135
Jan,2020,0.74,Gajuwaka,83.4475,17.8935
Feb,2020,1.034612903,MVP Colony,83.2186,17.6822
Feb,2020,0.823897436,NAD Junction,83.316,17.7482
Feb,2020,0.816333333,Dwaraka Nagar,83.215,17.7338
Feb,2020,0.812088235,Bheemili,83.3124,17.7135
Feb,2020,0.5135,Gajuwaka,83.4475,17.8935
Mar,2020,0.74637931,MVP Colony,83.2186,17.6822
Mar,2020,1.138695652,NAD Junction,83.316,17.7482
Mar,2020,1.1652,Dwaraka Nagar,83.215,17.7338
Mar,2020,1.250957447,Bheemili,83.3124,17.7135
Mar,2020,1.821,Gajuwaka,83.4475,17.8935
Apr,2020,1.2466,MVP Colony,83.2186,17.6822
Apr,2020,1.200482759,NAD Junction,83.316,17.7482
Apr,2020,1.197173913,Dwaraka Nagar,83.215,17.7338
Apr,2020,1.232307692,Bheemili,83.3124,17.7135
Apr,2020,0.541,Gajuwaka,83.4475,17.8935
May,2020,1.214230769,MVP Colony,83.2186,17.6822
May,2020,0.947083333,NAD Junction,83.316,17.7482
May,2020,1.0856,Dwaraka Nagar,83.215,17.7338
May,2020,0.983,Bheemili,83.3124,17.7135
May,2020,0.763,Gajuwaka,83.4475,17.8935
Jun,2020,0.694333333,MVP Colony,83.2186,17.6822
Jun,2020,0.6545,NAD Junction,83.316,17.7482
Jun,2020,0.6695,Dwaraka Nagar,83.215,17.7338
Jun,2020,0.6915,Bheemili,83.3124,17.7135
Jun,2020,0.776,Gajuwaka,83.4475,17.8935
Jul,2020,1.394,MVP Colony,83.2186,17.6822
Jul,2020,1.269,NAD Junction,83.316,17.7482
Jul,2020,0.846,Dwaraka Nagar,83.215,17.7338
Jul,2020,1.017,Bheemili,83.3124,17.7135
Jul,2020,0.401,Gajuwaka,83.4475,17.8935
Aug,2020,0.363,MVP Colony,83.2186,17.6822
Aug,2020,0.589,NAD Junction,83.316,17.7482
Aug,2020,0.479,Dwaraka Nagar,83.215,17.7338
Aug,2020,0.654142857,Bheemili,83.3124,17.7135
Aug,2020,0.658285714,Gajuwaka,83.4475,17.8935
Sep,2020,1.0748,MVP Colony,83.2186,17.6822
Sep,2020,0.477,NAD Junction,83.316,17.7482
Sep,2020,0.594909091,Dwaraka Nagar,83.215,17.7338
Sep,2020,0.5425,Bheemili,83.3124,17.7135
Sep,2020,0.4662,Gajuwaka,83.4475,17.8935
Oct,2020,0.6094,MVP Colony,83.2186,17.6822
Oct,2020,0.37,NAD Junction,83.316,17.7482
Oct,2020,0.5044,Dwaraka Nagar,83.215,17.7338
Oct,2020,0.843117647,Bheemili,83.3124,17.7135
Oct,2020,0.8475,Gajuwaka,83.4475,17.8935
Nov,2020,0.866466667,MVP Colony,83.2186,17.6822
Nov,2020,0.710833333,NAD Junction,83.316,17.7482
Nov,2020,0.88285,Dwaraka Nagar,83.215,17.7338
Nov,2020,0.336785714,Bheemili,83.3124,17.7135
Nov,2020,0.426551724,Gajuwaka,83.4475,17.8935
Dec,2020,0.270166667,MVP Colony,83.2186,17.6822
Dec,2020,0.504428571,NAD Junction,83.316,17.7482
Dec,2020,0.415714286,Dwaraka Nagar,83.215,17.7338
Dec,2020,0.648466667,Bheemili,83.3124,17.7135
Dec,2020,0.61225,Gajuwaka,83.4475,17.8935
Jan,2021,0.652386364,MVP Colony,83.2186,17.6822
Jan,2021,0.595020833,NAD Junction,83.316,17.7482
Jan,2021,0.625754717,Dwaraka Nagar,83.215,17.7338
Jan,2021,1.01377907,Bheemili,83.3124,17.7135
Jan,2021,0.941275362,Gajuwaka,83.4475,17.8935
Feb,2021,1.029575758,MVP Colony,83.2186,17.6822
Feb,2021,0.968454545,NAD Junction,83.316,17.7482
Feb,2021,0.99568,Dwaraka Nagar,83.215,17.7338
Feb,2021,0.943482143,Bheemili,83.3124,17.7135
Feb,2021,0.941490566,Gajuwaka,83.4475,17.8935
Mar,2021,0.984921569,MVP Colony,83.2186,17.6822
Mar,2021,0.965948718,NAD Junction,83.316,17.7482
Mar,2021,1.083518519,Dwaraka Nagar,83.215,17.7338
Mar,2021,1.039848485,Bheemili,83.3124,17.7135
Mar,2021,1.158041667,Gajuwaka,83.4475,17.8935
Apr,2021,1.094481481,MVP Colony,83.2186,17.6822
Apr,2021,0.991,NAD Junction,83.316,17.7482
Apr,2021,1.14295,Dwaraka Nagar,83.215,17.7338
Apr,2021,1.155454545,Bheemili,83.3124,17.7135
Apr,2021,0.917,Gajuwaka,83.4475,17.8935
May,2021,1.351555556,MVP Colony,83.2186,17.6822
May,2021,1.06,NAD Junction,83.316,17.7482
May,2021,1.697,Dwaraka Nagar,83.215,17.7338
May,2021,0.479333333,Bheemili,83.3124,17.7135
May,2021,0.500333333,Gajuwaka,83.4475,17.8935
Jun,2021,0.4265,MVP Colony,83.2186,17.6822
Jun,2021,0.375,NAD Junction,83.316,17.7482
Jun,2021,0.735,Dwaraka Nagar,83.215,17.7338
Jun,2021,0.89875,Bheemili,83.3124,17.7135
Jun,2021,1.033666667,Gajuwaka,83.4475,17.8935
Jul,2021,0.90275,MVP Colony,83.2186,17.6822
Jul,2021,0.702,NAD Junction,83.316,17.7482
Jul,2021,0.4925,Dwaraka Nagar,83.215,17.7338
Jul,2021,0.5233,Bheemili,83.3124,17.7135
Jul,2021,0.395666667,Gajuwaka,83.4475,17.8935
Aug,2021,0.436571429,MVP Colony,83.2186,17.6822
Aug,2021,0.461,NAD Junction,83.316,17.7482
Aug,2021,0.35825,Dwaraka Nagar,83.215,17.7338
Aug,2021,0.570285714,Bheemili,83.3124,17.7135
Aug,2021,0.582428571,Gajuwaka,83.4475,17.8935
Sep,2021,0.605166667,MVP Colony,83.2186,17.6822
Sep,2021,0.6102,NAD Junction,83.316,17.7482
Sep,2021,0.559625,Dwaraka Nagar,83.215,17.7338
Sep,2021,0.847230769,Bheemili,83.3124,17.7135
Sep,2021,0.7415,Gajuwaka,83.4475,17.8935
Oct,2021,0.80025,MVP Colony,83.2186,17.6822
Oct,2021,0.808434783,NAD Junction,83.316,17.7482
Oct,2021,0.767761905,Dwaraka Nagar,83.215,17.7338
Oct,2021,0.688833333,Bheemili,83.3124,17.7135
Oct,2021,0.641833333,Gajuwaka,83.4475,17.8935
Nov,2021,0.5774,MVP Colony,83.2186,17.6822
Nov,2021,0.78045,NAD Junction,83.316,17.7482
Nov,2021,0.84247619,Dwaraka Nagar,83.215,17.7338
Nov,2021,0.75659375,Bheemili,83.3124,17.7135
Nov,2021,0.748441176,Gajuwaka,83.4475,17.8935
Dec,2021,0.698714286,MVP Colony,83.2186,17.6822
Dec,2021,0.776233333,NAD Junction,83.316,17.7482
Dec,2021,0.824592593,Dwaraka Nagar,83.215,17.7338
Dec,2021,0.697909091,Bheemili,83.3124,17.7135
Dec,2021,0.6874375,Gajuwaka,83.4475,17.8935
Jan,2022,0.699972222,MVP Colony,83.2186,17.6822
Jan,2022,0.704142857,NAD Junction,83.316,17.7482
Jan,2022,0.701666667,Dwaraka Nagar,83.215,17.7338
Jan,2022,0.955375,Bheemili,83.3124,17.7135
Jan,2022,0.910041667,Gajuwaka,83.4475,17.8935
Feb,2022,0.943,MVP Colony,83.2186,17.6822
Feb,2022,0.932954545,NAD Junction,83.316,17.7482
Feb,2022,0.90272,Dwaraka Nagar,83.215,17.7338
Feb,2022,1.151586207,Bheemili,83.3124,17.7135
Feb,2022,1.089516129,Gajuwaka,83.4475,17.8935
Mar,2022,1.202107143,MVP Colony,83.2186,17.6822
Mar,2022,1.095958333,NAD Junction,83.316,17.7482
Mar,2022,1.110318182,Dwaraka Nagar,83.215,17.7338
Mar,2022,1.270470588,Bheemili,83.3124,17.7135
Mar,2022,1.189545455,Gajuwaka,83.4475,17.8935
Apr,2022,1.1498,MVP Colony,83.2186,17.6822
Apr,2022,1.12525,NAD Junction,83.316,17.7482
Apr,2022,1.213111111,Dwaraka Nagar,83.215,17.7338
Apr,2022,1.251375,Bheemili,83.3124,17.7135
Apr,2022,1.158875,Gajuwaka,83.4475,17.8935
May,2022,0.9957,MVP Colony,83.2186,17.6822
May,2022,0.9025,NAD Junction,83.316,17.7482
May,2022,1.221,Dwaraka Nagar,83.215,17.7338
May,2022,0.699,Bheemili,83.3124,17.7135
May,2022,0.501333333,Gajuwaka,83.4475,17.8935
Jun,2022,0.557333333,MVP Colony,83.2186,17.6822
Jun,2022,1.045166667,NAD Junction,83.316,17.7482
Jun,2022,0.9833,Dwaraka Nagar,83.215,17.7338
Jun,2022,0.819888889,Bheemili,83.3124,17.7135
Jun,2022,0.9124,Gajuwaka,83.4475,17.8935
Jul,2022,0.7,MVP Colony,83.2186,17.6822
Jul,2022,1.254,NAD Junction,83.316,17.7482
Jul,2022,1.120238095,Dwaraka Nagar,83.215,17.7338
Jul,2022,0.982565217,Bheemili,83.3124,17.7135
Jul,2022,0.950842105,Gajuwaka,83.4475,17.8935
Aug,2022,1.047833333,MVP Colony,83.2186,17.6822
Aug,2022,1.1448,NAD Junction,83.316,17.7482
Aug,2022,0.798769231,Dwaraka Nagar,83.215,17.7338
Aug,2022,0.7349375,Bheemili,83.3124,17.7135
Aug,2022,0.8024,Gajuwaka,83.4475,17.8935
Sep,2022,0.76175,MVP Colony,83.2186,17.6822
Sep,2022,0.649571429,NAD Junction,83.316,17.7482
Sep,2022,1.152611111,Dwaraka Nagar,83.215,17.7338
Sep,2022,1.07072,Bheemili,83.3124,17.7135
Sep,2022,0.902333333,Gajuwaka,83.4475,17.8935
Oct,2022,1.081916667,MVP Colony,83.2186,17.6822
Oct,2022,1.118583333,NAD Junction,83.316,17.7482
Oct,2022,1.038368421,Dwaraka Nagar,83.215,17.7338
Oct,2022,1.135,Bheemili,83.3124,17.7135
Oct,2022,1.11335,Gajuwaka,83.4475,17.8935
Nov,2022,0.983588235,MVP Colony,83.2186,17.6822
Nov,2022,1.135136364,NAD Junction,83.316,17.7482
Nov,2022,0.681136364,Dwaraka Nagar,83.215,17.7338
Nov,2022,0.59365,Bheemili,83.3124,17.7135
Nov,2022,0.677851852,Gajuwaka,83.4475,17.8935
Dec,2022,0.653470588,MVP Colony,83.2186,17.6822
Dec,2022,0.700117647,NAD Junction,83.316,17.7482
Dec,2022,0.986285714,Dwaraka Nagar,83.215,17.7338
Dec,2022,0.952,Bheemili,83.3124,17.7135
Dec,2022,0.9534375,Gajuwaka,83.4475,17.8935
Jan,2023,0.8950625,MVP Colony,83.2186,17.6822
Jan,2023,0.95075,NAD Junction,83.316,17.7482
Jan,2023,1.118619048,Dwaraka Nagar,83.215,17.7338
Jan,2023,1.058675,Bheemili,83.3124,17.7135
Jan,2023,1.036113636,Gajuwaka,83.4475,17.8935
Feb,2023,1.064733333,MVP Colony,83.2186,17.6822
Feb,2023,1.166666667,NAD Junction,83.316,17.7482
Feb,2023,0.806428571,Dwaraka Nagar,83.215,17.7338
Feb,2023,0.911,Bheemili,83.3124,17.7135
Feb,2023,0.813785714,Gajuwaka,83.4475,17.8935
Mar,2023,0.632125,MVP Colony,83.2186,17.6822
Mar,2023,0.924888889,NAD Junction,83.316,17.7482
Mar,2023,1.038,Dwaraka Nagar,83.215,17.7338
Mar,2023,0.970222222,Bheemili,83.3124,17.7135
Mar,2023,0.85525,Gajuwaka,83.4475,17.8935
Apr,2023,0.8474,MVP Colony,83.2186,17.6822
Apr,2023,0.968333333,NAD Junction,83.316,17.7482
Apr,2023,0.589,Dwaraka Nagar,83.215,17.7338
Apr,2023,0.5285,Bheemili,83.3124,17.7135
Apr,2023,0.644,Gajuwaka,83.4475,17.8935
May,2023,0.592,MVP Colony,83.2186,17.6822
May,2023,0.833,NAD Junction,83.316,17.7482
May,2023,1.083,Dwaraka Nagar,83.215,17.7338
May,2023,1.389,Bheemili,83.3124,17.7135
May,2023,0.765,Gajuwaka,83.4475,17.8935
Jun,2023,0.511333333,MVP Colony,83.2186,17.6822
Jun,2023,1.0865,NAD Junction,83.316,17.7482
Jun,2023,0.703,Dwaraka Nagar,83.215,17.7338
Jun,2023,0.841,Bheemili,83.3124,17.7135
Jun,2023,0.58675,Gajuwaka,83.4475,17.8935
Jul,2023,0.4885,MVP Colony,83.2186,17.6822
Jul,2023,0.694444444,NAD Junction,83.316,17.7482
Jul,2023,0.593,Dwaraka Nagar,83.215,17.7338
Jul,2023,0.614357143,Bheemili,83.3124,17.7135
Jul,2023,0.6875625,Gajuwaka,83.4475,17.8935
Aug,2023,0.914826087,MVP Colony,83.2186,17.6822
Aug,2023,0.86952,NAD Junction,83.316,17.7482
Aug,2023,0.89095,Dwaraka Nagar,83.215,17.7338
Aug,2023,0.901869565,Bheemili,83.3124,17.7135
Aug,2023,0.950434783,Gajuwaka,83.4475,17.8935
Sep,2023,0.571214286,MVP Colony,83.2186,17.6822
Sep,2023,0.611,NAD Junction,83.316,17.7482
Sep,2023,0.676058824,Dwaraka Nagar,83.215,17.7338
Sep,2023,0.680571429,Bheemili,83.3124,17.7135
Sep,2023,0.8763125,Gajuwaka,83.4475,17.8935
Oct,2023,1.081916667,MVP Colony,83.2186,17.6822
Oct,2023,1.118583333,NAD Junction,83.316,17.7482
Oct,2023,1.038368421,Dwaraka Nagar,83.215,17.7338
Oct,2023,1.135,Bheemili,83.3124,17.7135
Oct,2023,1.11335,Gajuwaka,83.4475,17.8935
Nov,2023,0.983588235,MVP Colony,83.2186,17.6822
Nov,2023,1.135136364,NAD Junction,83.316,17.7482
Nov,2023,0.681136364,Dwaraka Nagar,83.215,17.7338
Nov,2023,0.59365,Bheemili,83.3124,17.7135
Nov,2023,0.677851852,Gajuwaka,83.4475,17.8935
Dec,2023,0.653470588,MVP Colony,83.2186,17.6822
Dec,2023,0.700117647,NAD Junction,83.316,17.7482
Dec,2023,0.986285714,Dwaraka Nagar,83.215,17.7338
Dec,2023,0.952,Bheemili,83.3124,17.7135
Dec,2023,0.9534375,Gajuwaka,83.4475,17.8935
Jan,2024,0.8950625,MVP Colony,83.2186,17.6822
Jan,2024,0.95075,NAD Junction,83.316,17.7482
Jan,2024,1.118619048,Dwaraka Nagar,83.215,17.7338
Jan,2024,1.058675,Bheemili,83.3124,17.7135
Jan,2024,1.036113636,Gajuwaka,83.4475,17.8935
Feb,2024,1.064733333,MVP Colony,83.2186,17.6822
Feb,2024,1.166666667,NAD Junction,83.316,17.7482
Feb,2024,0.806428571,Dwaraka Nagar,83.215,17.7338
Feb,2024,0.911,Bheemili,83.3124,17.7135
Feb,2024,0.813785714,Gajuwaka,83.4475,17.8935
Mar,2024,0.632125,MVP Colony,83.2186,17.6822
Mar,2024,0.924888889,NAD Junction,83.316,17.7482
Mar,2024,1.038,Dwaraka Nagar,83.215,17.7338
Mar,2024,0.970222222,Bheemili,83.3124,17.7135
Mar,2024,0.85525,Gajuwaka,83.4475,17.8935
Apr,2024,0.8474,MVP Colony,83.2186,17.6822
Apr,2024,0.968333333,NAD Junction,83.316,17.7482
Apr,2024,0.589,Dwaraka Nagar,83.215,17.7338
Apr,2024,0.5285,Bheemili,83.3124,17.7135
Apr,2024,0.644,Gajuwaka,83.4475,17.8935
May,2024,0.592,MVP Colony,83.2186,17.6822
May,2024,0.833,NAD Junction,83.316,17.7482
May,2024,1.083,Dwaraka Nagar,83.215,17.7338
May,2024,1.389,Bheemili,83.3124,17.7135
May,2024,0.765,Gajuwaka,83.4475,17.8935
Jun,2024,0.511333333,MVP Colony,83.2186,17.6822
Jun,2024,1.0865,NAD Junction,83.316,17.7482
Jun,2024,0.703,Dwaraka Nagar,83.215,17.7338
Jun,2024,0.841,Bheemili,83.3124,17.7135
Jun,2024,0.58675,Gajuwaka,83.4475,17.8935
Jul,2024,0.4885,MVP Colony,83.2186,17.6822
Jul,2024,0.694444444,NAD Junction,83.316,17.7482
Jul,2024,0.593,Dwaraka Nagar,83.215,17.7338
Jul,2024,0.614357143,Bheemili,83.3124,17.7135
Jul,2024,0.6875625,Gajuwaka,83.4475,17.8935
Aug,2024,0.914826087,MVP Colony,83.2186,17.6822
Aug,2024,0.86952,NAD Junction,83.316,17.7482
Aug,2024,0.89095,Dwaraka Nagar,83.215,17.7338
Aug,2024,0.901869565,Bheemili,83.3124,17.7135
Aug,2024,0.950434783,Gajuwaka,83.4475,17.8935
Sep,2024,0.571214286,MVP Colony,83.2186,17.6822
Sep,2024,0.611,NAD Junction,83.316,17.7482
Sep,2024,0.676058824,Dwaraka Nagar,83.215,17.7338
Sep,2024,0.680571429,Bheemili,83.3124,17.7135
Sep,2024,0.8763125,Gajuwaka,83.4475,17.8935
Oct,2024,0.75659375,MVP Colony,83.2186,17.6822
Oct,2024,0.748441176,NAD Junction,83.316,17.7482
Oct,2024,0.698714286,Dwaraka Nagar,83.215,17.7338
Oct,2024,0.776233333,Bheemili,83.3124,17.7135
Oct,2024,0.824592593,Gajuwaka,83.4475,17.8935
Nov,2024,0.697909091,MVP Colony,83.2186,17.6822
Nov,2024,0.6874375,NAD Junction,83.316,17.7482
Nov,2024,0.699972222,Dwaraka Nagar,83.215,17.7338
Nov,2024,0.704142857,Bheemili,83.3124,17.7135
Nov,2024,0.701666667,Gajuwaka,83.4475,17.8935
Dec,2024,0.955375,MVP Colony,83.2186,17.6822
Dec,2024,0.910041667,NAD Junction,83.316,17.7482
Dec,2024,0.943123,Dwaraka Nagar,83.215,17.7338
Dec,2024,0.8123,Bheemili,83.3124,17.7135
